WeekDate;Influencer;TV;Radio;Social Media;Sales
30/12/2017;Macro;444;157.1024227;23.13004;1575.835702
30/12/2017;Mega;195;71.75597949;18.40985062;704.0045526
30/12/2017;Micro;271;86.65544617;17.2378549;975.4610786
30/12/2017;Nano;354;123.8275614;21.40;1257.769598
6/1/2018;Macro;268;90.58832152;12.70975006;943.3823836
6/1/2018;Mega;280;127.658263;20.51544728;1258.72934
6/1/2018;Micro;355;113.528701;24.26287489;1269.989343
6/1/2018;Nano;249;141.496415;30.34731327;1230.376084
13/1/2018;Macro;336;105.4747164;23.16851943;1278.452118
13/1/2018;Mega;382;176.8100559;36.10152768;1678.18861
13/1/2018;Micro;448;167.7287508;33.7330322;1605.346979
13/1/2018;Nano;436;151.7038962;26.15417293;1546.377709
20/1/2018;Macro;298;104.1782443;15.75014903;1117.278653
20/1/2018;Mega;386;154.9140631;28.08090285;1362.340813
20/1/2018;Micro;330;145.5530077;24.99879756;1510.433656
20/1/2018;Nano;450;170.0861003;25.94448276;1601.033347
27/1/2018;Macro;309;113.1879305;21.58470614;1096.079007
27/1/2018;Mega;378;122.5530341;23.1929835;1340.833512
27/1/2018;Micro;344;116.523488;22.68971497;1231.195493
27/1/2018;Nano;501;180.8244953;31.61268514;1784.573855
3/2/2018;Macro;321;107.5406357;10.41843484;1199.896022
3/2/2018;Mega;428;112.5658383;25.45885063;1526.01471
3/2/2018;Micro;365;160.6509604;28.54486796;1621.801265
3/2/2018;Nano;403;135.7541108;25.23902569;1439.342491
10/2/2018;Macro;441;145.8451531;22.47494314;1608.678877
10/2/2018;Mega;355;117.2616801;22.17722398;1267.406676
10/2/2018;Micro;272;56.15417959;18.07903967;970.1738748
10/2/2018;Nano;430;110.69003;24.7680291;1253.411666
17/2/2018;Macro;290;107.8279056;16.98780737;1234.751862
17/2/2018;Mega;363;139.1196612;26.46584966;1290.083759
17/2/2018;Micro;414;141.0836903;26.64627698;1213.49494
17/2/2018;Nano;374;117.3471745;27.0414123;1334.236026
24/2/2018;Macro;338;107.8396513;17.37144731;1125.26392
24/2/2018;Mega;418;144.941421;19.99718084;1126.749314
24/2/2018;Micro;405;150.158571;31.33047078;1437.826514
24/2/2018;Nano;389;123.2532335;22.91711386;1289.141371
3/3/2018;Macro;459;161.3856512;28.41025319;1614.742036
3/3/2018;Mega;363;128.0085273;22.8342181;1230.180867
3/3/2018;Micro;458;151.2902159;21.91568745;1639.472868
3/3/2018;Nano;314;115.5130833;17.02722711;1113.118283
10/3/2018;Macro;286;92.10302591;19.02125085;1022.702461
10/3/2018;Mega;400;129.1194499;27.53874768;1421.902766
10/3/2018;Micro;440;140.0982366;21.15007279;1558.250644
10/3/2018;Nano;368;119.5293299;26.15051856;1308.844785
17/3/2018;Macro;461;142.8415985;18.34971124;1639.651435
17/3/2018;Mega;377;125.8009439;17.13192422;1342.789387
17/3/2018;Micro;213;71.40880062;20.82348172;757.5915039
17/3/2018;Nano;344;90.15298902;19.00909132;1226.491449
24/3/2018;Macro;506;191.22767;36.47137383;1805.266542
24/3/2018;Mega;327;110.4499558;18.62096888;1168.666404
24/3/2018;Micro;417;169.4362059;28.88192697;1486.2154
24/3/2018;Nano;452;168.9431292;30.81884962;1597.888999
31/3/2018;Macro;347;126.8235792;25.36852446;1216.889647
31/3/2018;Mega;407;117.4638842;23.32821516;1452.394663
31/3/2018;Micro;294;109.1783218;16.10018116;1052.209089
31/3/2018;Nano;339;121.0786589;25.16245918;1212.787138
7/4/2018;Macro;409;142.9745549;32.43791764;1458.099198
7/4/2018;Mega;327;101.1168069;17.0117371;1165.606225
7/4/2018;Micro;487;162.0082631;24.56801071;1737.919579
7/4/2018;Nano;220;57.13788102;14.86228729;784.7292614
14/4/2018;Macro;311;112.3102335;23.59506214;1107.162763
14/4/2018;Mega;572;192.4402273;32.65515383;2053.351727
14/4/2018;Micro;287;109.8306722;24.80905726;1032.507751
14/4/2018;Nano;314;96.22134004;20.1821608;1113.04724
21/4/2018;Macro;365;128.569658;33.22162716;1296.449805
21/4/2018;Mega;369;122.240269;23.81535241;1318.392268
21/4/2018;Micro;328;115.8234835;25.07535843;1168.257846
21/4/2018;Nano;442;140.7625668;22.55051108;1572.411257
28/4/2018;Macro;415;140.4394957;33.77778266;1484.85966
28/4/2018;Mega;327;111.1929681;23.53591594;1166.945407
28/4/2018;Micro;377;128.1430201;26.81116973;1336.320144
28/4/2018;Nano;428;127.3984132;27.4726007;1525.964281
5/5/2018;Macro;399;114.0362347;17.79760854;1433.789838
5/5/2018;Mega;527;184.199687;37.21891694;1883.424565
5/5/2018;Micro;435;139.926142;25.64797755;1561.161303
5/5/2018;Nano;323;111.7571796;17.90575747;1149.766879
12/5/2018;Macro;341;120.952541;25.92168118;1217.77612
12/5/2018;Mega;324;111.068788;27.07576216;1152.333287
12/5/2018;Micro;306;93.69054058;17.49250092;1086.458788
12/5/2018;Nano;427;153.1771697;26.11656295;1512.16826
19/5/2018;Macro;414;164.5958226;29.17054742;1469.087759
19/5/2018;Mega;293;105.7662769;10.83855196;1030.804959
19/5/2018;Micro;388;129.5592208;19.07779231;1360.610045
19/5/2018;Nano;407;144.4520902;15.85311346;1456.4027
26/5/2018;Macro;434;146.0254444;27.17372725;1539.965205
26/5/2018;Mega;389;130.3539282;28.46704166;1393.859935
26/5/2018;Micro;459;160.953342;14.17505069;1622.260553
26/5/2018;Nano;440;128.9701039;23.04274315;1568.129602
2/6/2018;Macro;418;140.0506936;25.02465683;1485.157206
2/6/2018;Mega;526;177.1253888;32.3916016;1875.871682
2/6/2018;Micro;392;129.9568498;24.4568652;1397.894878
2/6/2018;Nano;393;164.4566336;40.88062476;1399.72411
9/6/2018;Macro;255;89.61003278;17.91340441;916.6173655
9/6/2018;Mega;303;120.7260423;18.97494723;1073.226043
9/6/2018;Micro;486;162.2684667;34.21820681;1715.992132
9/6/2018;Nano;437;145.0011825;30.46395573;1570.648283
16/6/2018;Macro;345;132.8481953;30.57232076;1234.789545
16/6/2018;Mega;459;165.4924646;27.34184848;1637.431982
16/6/2018;Micro;388;133.5874196;21.2980687;1369.331665
16/6/2018;Nano;373;122.333868;25.19619254;1330.280101
23/6/2018;Macro;387;160.3474743;27.98454803;1384.513467
23/6/2018;Mega;390;125.3407707;21.54372211;1384.572528
23/6/2018;Micro;472;133.4053602;33.56722186;1675.502959
23/6/2018;Nano;420;144.0425432;23.4396649;1509.957925
30/6/2018;Macro;438;151.2703042;34.91294573;1574.744991
30/6/2018;Mega;388;150.3226137;27.60127162;1373.972636
30/6/2018;Micro;387;123.3837143;15.45360366;1381.389894
30/6/2018;Nano;257;70.52270387;20.0502229;922.0056437
7/7/2018;Macro;459;167.0551163;27.11277006;1628.523639
7/7/2018;Mega;290;101.3515222;24.28991463;1022.023525
7/7/2018;Micro;325;104.3805934;18.22709843;1153.399663
7/7/2018;Nano;416;132.6149948;24.2148094;1484.446184
14/7/2018;Macro;381;126.1733232;28.69251416;1361.512909
14/7/2018;Mega;322;119.3563051;22.50203942;1150.044918
14/7/2018;Micro;377;127.0144646;20.87156621;1342.092278
14/7/2018;Nano;476;169.1508243;24.17161469;1690.795857
21/7/2018;Macro;374;123.3498725;29.47041814;1342.006082
21/7/2018;Mega;231;100.6431352;16.74154917;821.0469896
21/7/2018;Micro;393;113.0177978;28.47441918;1401.428063
21/7/2018;Nano;394;134.2725709;21.80904101;1409.25647
28/7/2018;Macro;419;147.5010784;19.58354438;1494.596366
28/7/2018;Mega;289;95.66135964;24.21701063;1029.525337
28/7/2018;Micro;455;153.0635731;29.86227465;1614.398262
28/7/2018;Nano;338;108.0810495;24.39277699;1204.856615
4/8/2018;Macro;419;160.2811691;23.95664134;1488.845457
4/8/2018;Mega;440;136.3863691;23.68900122;1553.501423
4/8/2018;Micro;444;175.9302261;29.19339399;1566.936667
4/8/2018;Nano;363;127.3763365;16.45416657;1283.791649
11/8/2018;Macro;367;117.092382;18.9803049;1304.702233
11/8/2018;Mega;432;144.4464304;27.24686457;1527.483794
11/8/2018;Micro;577;203.2096695;44.79938001;2044.565106
11/8/2018;Nano;269;86.09691939;22.16122721;950.5170657
18/8/2018;Macro;313;95.53598878;20.24316423;1101.486666
18/8/2018;Mega;351;108.6818702;17.62087472;1268.659909
18/8/2018;Micro;370;136.9982746;20.86696519;1318.161769
18/8/2018;Nano;261;81.76380071;22.95880823;917.3251705
25/8/2018;Macro;409;138.3491352;27.78454762;1452.070741
25/8/2018;Mega;268;102.1140196;19.22689438;950.7726092
25/8/2018;Micro;423;139.0984106;30.59261092;1511.385783
25/8/2018;Nano;485;147.5008953;24.13739417;1726.130034
1/9/2018;Macro;357;111.8525087;28.19214785;1256.147491
1/9/2018;Mega;393;146.0477601;37.94215232;1407.459838
1/9/2018;Micro;417;138.0421737;22.66631044;1483.610563
1/9/2018;Nano;412;114.8388083;22.24172215;1452.400878
8/9/2018;Macro;410;135.4299801;27.34730292;1458.460013
8/9/2018;Mega;336;132.8860092;24.02931784;1178.215115
8/9/2018;Micro;381;132.4010212;33.44039045;1357.921625
8/9/2018;Nano;252;73.90370034;19.11915197;889.5977627
15/9/2018;Macro;313;108.2583648;21.28996396;1120.28481
15/9/2018;Mega;491;164.1092346;29.03645666;1754.252459
15/9/2018;Micro;387;135.743909;25.28653095;1378.604382
15/9/2018;Nano;457;156.1174071;29.17146189;1634.414809
22/9/2018;Macro;375;119.3113399;21.84203756;1340.689926
22/9/2018;Mega;412;133.2446519;33.72142119;1470.762336
22/9/2018;Micro;421;132.5657313;33.94373007;1498.721923
22/9/2018;Nano;293;86.15143453;21.44783187;1045.289811
29/9/2018;Macro;386;111.9613962;19.53393856;1360.625919
29/9/2018;Mega;363;124.8521975;28.56001033;1285.38867
29/9/2018;Micro;328;101.4317587;18.66969405;1170.302777
29/9/2018;Nano;286;97.89997417;21.61006038;1026.926978
6/10/2018;Macro;435;138.2787479;17.06116215;1551.815427
6/10/2018;Mega;382;129.3732916;26.01012602;1361.563324
6/10/2018;Micro;267;79.25013002;20.5980451;940.1204359
6/10/2018;Nano;420;122.4620978;14.4491108;1481.417652
13/10/2018;Macro;360;114.4285102;33.580507;1285.976576
13/10/2018;Mega;413;133.9181176;33.06366331;1474.780508
13/10/2018;Micro;418;149.5431301;24.069152;1490.888419
13/10/2018;Nano;261;108.6182373;21.25532927;919.4719271
20/10/2018;Macro;331;103.4803651;22.54983636;1180.148032
20/10/2018;Mega;474;134.4060043;28.05816226;1682.839914
20/10/2018;Micro;280;104.1087828;20.9373195;990.2242058
20/10/2018;Nano;299;114.8941259;26.1683968;1060.492048
27/10/2018;Macro;443;145.4842155;29.85894888;1571.284525
27/10/2018;Mega;480;153.911978;29.14540074;1700.004822
27/10/2018;Micro;317;80.00004126;19.9222618;1121.040851
27/10/2018;Nano;398;137.3774374;20.42328279;1410.100673
3/11/2018;Macro;377;151.3943581;28.4731057;1341.309768
3/11/2018;Mega;339;129.8751256;18.2439351;1204.021122
3/11/2018;Micro;440;166.5891613;26.12531889;1555.572237
3/11/2018;Nano;409;125.2726464;30.69657839;1458.354482
10/11/2018;Macro;322;89.10144241;15.06144017;1141.11742
10/11/2018;Mega;397;126.3592672;20.65754155;1395.896488
10/11/2018;Micro;306;124.5484982;29.03807097;1088.981313
10/11/2018;Nano;251;64.58984973;18.16026918;892.0662647
17/11/2018;Macro;582;195.6388978;31.64723359;2061.018042
17/11/2018;Mega;313;108.2546761;23.34564824;1128.584352
17/11/2018;Micro;269;99.58465349;21.15601422;957.3251723
17/11/2018;Nano;411;145.0321729;24.27939633;1447.015523
24/11/2018;Macro;354;128.0005043;15.4130639;1274.878933
24/11/2018;Mega;331;112.0069161;27.69311909;1190.928026
24/11/2018;Micro;266;95.74934382;13.55994157;941.7599053
24/11/2018;Nano;380;112.4605139;15.41398792;1336.110908
1/12/2018;Macro;483;153.2792907;23.2814706;1721.723788
1/12/2018;Mega;451;135.725488;23.44411694;1603.676806
1/12/2018;Micro;454;166.5569082;21.33960495;1614.274007
1/12/2018;Nano;461;171.79008;32.02263406;1633.714525
8/12/2018;Macro;494;149.1949555;31.19985335;1763.277019
8/12/2018;Mega;352;103.5773238;24.04117972;1243.612959
8/12/2018;Micro;403;138.8612276;22.36739527;1442.635395
8/12/2018;Nano;386;158.3694347;23.23948914;1388.225606
15/12/2018;Macro;487;162.502121;23.47904238;1733.539495
15/12/2018;Mega;422;153.3468801;30.00558411;1499.883204
15/12/2018;Micro;260;101.5250948;16.59519027;925.286509
15/12/2018;Nano;279;117.4517095;25.46303256;995.6119433
22/12/2018;Macro;275;108.4853921;21.37913433;971.2405965
22/12/2018;Mega;462;148.5187605;25.96122139;1651.463064
22/12/2018;Micro;546;182.7583305;29.17998662;1954.873433
22/12/2018;Nano;445;128.8587656;18.62390878;1587.975097
29/12/2018;Macro;243;95.60021741;17.01025171;861.8122927
29/12/2018;Mega;342;100.7702057;21.73992736;1217.039291
29/12/2018;Micro;458;151.0976772;26.31133381;1629.946961
29/12/2018;Nano;433;148.2030886;28.00363406;1531.549038
5/1/2019;Macro;382;112.3417519;29.69070501;1364.791396
5/1/2019;Mega;261;92.58761802;19.89671886;930.3248658
5/1/2019;Micro;389;160.8450751;27.32518523;1377.795407
5/1/2019;Nano;430;123.2955148;21.13646929;1529.894857
12/1/2019;Macro;348;130.4787284;23.43186189;1245.252341
12/1/2019;Mega;358;122.8036143;27.17067372;1267.028011
12/1/2019;Micro;455;161.0915711;30.10583971;1615.406208
12/1/2019;Nano;360;117.9782658;16.73511413;1280.292934
19/1/2019;Macro;427;125.3300973;14.11799545;1536.231501
19/1/2019;Mega;392;143.9407348;22.73753119;1408.383798
19/1/2019;Micro;282;87.4697072;15.81751474;1008.509951
19/1/2019;Nano;369;95.49914827;15.78791974;1305.843537
26/1/2019;Macro;339;121.7109527;23.77055246;1201.094761
26/1/2019;Mega;417;136.6111373;21.30072641;1498.258922
26/1/2019;Micro;237;99.26528281;17.9457474;847.2080915
26/1/2019;Nano;346;108.6544645;16.94753393;1225.204191
2/2/2019;Macro;327;127.1331255;21.74467875;1165.674676
2/2/2019;Mega;333;114.7392661;21.34645388;1186.981266
2/2/2019;Micro;409;166.786771;27.96989728;1447.839702
2/2/2019;Nano;452;142.0833456;28.12819557;1603.791611
9/2/2019;Macro;407;156.8863061;20.76928357;1454.851241
9/2/2019;Mega;420;151.5130687;31.95702628;1492.373878
9/2/2019;Micro;499;146.0079283;21.96319459;1781.760635
9/2/2019;Nano;300;116.7224307;18.77506114;1076.278297
16/2/2019;Macro;376;139.8665075;28.62230254;1321.67414
16/2/2019;Mega;385;127.6552423;24.14861018;1362.225025
16/2/2019;Micro;447;136.6626809;23.47043795;1591.617805
16/2/2019;Nano;277;84.78330963;20.2773726;978.8768893
23/2/2019;Macro;409;131.8317461;26.18097553;1463.364788
23/2/2019;Mega;466;145.5362016;22.40863383;1632.173686
23/2/2019;Micro;394;119.3901082;19.03847569;1399.938304
23/2/2019;Nano;441;137.9481155;26.33894641;1566.771283
2/3/2019;Macro;386;119.9167711;26.8516111;1380.453572
2/3/2019;Mega;347;114.907905;21.32790628;1226.880953
2/3/2019;Micro;507;150.9988431;27.79597775;1798.841115
2/3/2019;Nano;461;159.8362473;24.5990832;1640.029557
9/3/2019;Macro;406;137.8116208;23.95412126;1444.532438
9/3/2019;Mega;462;171.0772339;22.82081697;1648.160236
9/3/2019;Micro;395;110.8028173;26.75556759;1416.890744
9/3/2019;Nano;300;89.53486762;20.42020624;1060.91534
16/3/2019;Macro;327;104.0857662;17.99395176;1178.727214
16/3/2019;Mega;324;81.41275923;12.96449987;1149.909381
16/3/2019;Micro;357;113.3878687;19.708656;1283.510325
16/3/2019;Nano;397;122.6464424;17.68574663;1421.338538
23/3/2019;Macro;356;117.4671354;20.01837061;1256.626595
23/3/2019;Mega;372;129.9996891;17.80871331;1331.082614
23/3/2019;Micro;336;106.6358567;15.67351767;1196.298379
23/3/2019;Nano;436;170.3614779;32.27354202;1556.66404
30/3/2019;Macro;373;132.5452408;32.72538333;1332.858123
30/3/2019;Mega;356;106.352396;22.3456336;1260.446255
30/3/2019;Micro;340;118.641978;21.07839741;1214.68112
30/3/2019;Nano;330;127.6514176;25.64056129;1162.637421
6/4/2019;Macro;329;121.5368075;27.13392203;1164.92162
6/4/2019;Mega;537;174.7413784;22.45352558;1919.911941
6/4/2019;Micro;356;111.9728342;22.77827204;1268.440519
6/4/2019;Nano;386;109.6466924;22.0594301;1381.458599
13/4/2019;Macro;329;100.817182;22.11163986;1177.826085
13/4/2019;Mega;349;127.7913056;22.58485747;1243.210162
13/4/2019;Micro;404;156.7011839;16.53956085;1431.382907
13/4/2019;Nano;451;146.150628;31.64690611;1609.833779
20/4/2019;Macro;222;88.03728963;15.02791921;787.5699381
20/4/2019;Mega;360;97.84388169;25.86156653;1291.359328
20/4/2019;Micro;361;147.3112772;19.54093708;1296.979135
20/4/2019;Nano;343;126.6254268;24.94503281;1221.700683
27/4/2019;Macro;384;129.4077587;30.24950829;1358.049626
27/4/2019;Mega;294;99.96669918;14.59165703;1033.625448
27/4/2019;Micro;376;134.1080037;19.18688879;1340.762487
27/4/2019;Nano;337;120.1328618;18.64907779;1200.231736
4/5/2019;Macro;418;137.7812511;26.40558267;1491.730971
4/5/2019;Mega;353;114.7632233;26.70488839;1263.575942
4/5/2019;Micro;239;99.5061632;21.06215453;848.3886857
4/5/2019;Nano;369;130.830257;20.48105321;1296.354173
11/5/2019;Macro;302;75.02765281;21.29097283;1064.960639
11/5/2019;Mega;404;146.1553421;32.70018177;1437.081304
11/5/2019;Micro;336;117.2946918;17.91169459;1186.763601
11/5/2019;Nano;416;129.4805106;27.44932735;1484.239054
18/5/2019;Macro;465;154.5030955;33.01290862;1647.170925
18/5/2019;Mega;538;213.556056;37.67373641;1916.827122
18/5/2019;Micro;435;151.9405152;23.29724214;1547.906433
18/5/2019;Nano;369;112.666905;21.34502288;1315.666159
25/5/2019;Macro;475;141.9154698;26.78345811;1698.431513
25/5/2019;Mega;299;109.1170847;20.2781546;1053.072563
25/5/2019;Micro;443;163.0666101;27.78352338;1574.581672
25/5/2019;Nano;343;124.1957698;21.57472116;1217.638907
1/6/2019;Macro;325;135.8062482;22.23708735;1156.666144
1/6/2019;Mega;536;209.2017812;42.79956097;1902.501228
1/6/2019;Micro;450;148.3671783;22.61686701;1601.835797
1/6/2019;Nano;370;119.9313331;20.76050529;1326.342729
8/6/2019;Macro;302;102.5981495;19.72372663;1071.669206
8/6/2019;Mega;453;152.0376697;28.0738701;1606.311133
8/6/2019;Micro;350;134.3772448;35.05307654;1241.127005
8/6/2019;Nano;382;113.1701274;25.09804028;1358.155538
15/6/2019;Macro;383;114.5907763;26.35405383;1355.756908
15/6/2019;Mega;412;135.8778636;32.44484813;1471.360249
15/6/2019;Micro;394;144.9109468;25.42577054;1409.063431
15/6/2019;Nano;217;74.77104887;11.16550316;779.7223266
22/6/2019;Macro;311;107.5849511;16.23699532;1117.03895
22/6/2019;Mega;378;118.2348156;14.71890704;1335.989578
22/6/2019;Micro;352;116.5220571;30.58162111;1257.478118
22/6/2019;Nano;387;143.3299543;24.61593172;1372.826333
29/6/2019;Macro;292;98.10329227;13.64467411;1033.984768
29/6/2019;Mega;281;100.8467854;22.28945569;1012.194985
29/6/2019;Micro;315;116.7008424;15.53419763;1127.847509
29/6/2019;Nano;456;163.5601691;22.56632861;1624.008455
6/7/2019;Macro;404;124.6036611;22.16537737;1431.646608
6/7/2019;Mega;406;117.5821201;30.3967311;1436.218726
6/7/2019;Micro;212;67.73397896;15.38550182;749.079033
6/7/2019;Nano;374;117.9442399;24.04258237;1336.451245
13/7/2019;Macro;337;107.2395291;15.15114434;1210.8276
13/7/2019;Mega;430;149.9768868;26.85910562;1534.993964
13/7/2019;Micro;345;127.8188543;25.08029218;1222.817092
13/7/2019;Nano;420;150.9383973;30.55433444;1501.570248
20/7/2019;Macro;445;146.2173651;37.66927759;1587.278951
20/7/2019;Mega;419;143.7253357;30.71385308;1494.771653
20/7/2019;Micro;309;92.14753969;19.68867509;1112.527039
20/7/2019;Nano;470;158.0246134;27.5689625;1673.418909
27/7/2019;Macro;467;147.9220719;20.63204999;1670.867534
27/7/2019;Mega;429;141.6966596;26.08107452;1518.596208
27/7/2019;Micro;433;149.4534437;26.85354321;1538.254095
27/7/2019;Nano;351;124.7192849;30.47604786;1253.686203
3/8/2019;Macro;328;106.4595561;26.12411839;1170.61422
3/8/2019;Mega;296;97.44274725;14.10384072;1063.460987
3/8/2019;Micro;575;203.6466506;29.70435458;2052.839404
3/8/2019;Nano;320;112.7357809;28.04080566;1140.401857
10/8/2019;Macro;469;150.6349581;28.44228352;1674.396455
10/8/2019;Mega;450;126.6055151;20.37327239;1603.566344
10/8/2019;Micro;338;122.200029;26.78989284;1200.730286
10/8/2019;Nano;463;141.0753885;18.30448591;1657.377736
17/8/2019;Macro;383;130.512439;24.43461545;1358.542859
17/8/2019;Mega;364;124.166035;22.09117832;1273.632054
17/8/2019;Micro;320;113.631058;19.48909179;1137.12903
17/8/2019;Nano;295;92.63559261;9.758487568;1050.115844
24/8/2019;Macro;349;111.8731599;20.77435024;1227.042094
24/8/2019;Mega;364;121.155904;23.34834871;1294.366797
24/8/2019;Micro;314;100.7141078;25.72188711;1119.93221
24/8/2019;Nano;403;150.392447;29.85697131;1438.831698
31/8/2019;Macro;388;148.8901594;30.56212077;1391.284778
31/8/2019;Mega;379;114.7067988;29.51367383;1347.478712
31/8/2019;Micro;421;153.5270603;23.02644252;1490.404198
31/8/2019;Nano;480;168.3380718;27.77340683;1715.778269
7/9/2019;Macro;448;157.2325447;28.79863417;1601.179365
7/9/2019;Mega;400;135.1902501;15.33914335;1421.306867
7/9/2019;Micro;354;114.689195;18.4529517;1270.033922
7/9/2019;Nano;320;105.0660032;17.38623756;1134.445506
14/9/2019;Macro;296;101.6449308;24.68968254;1042.903058
14/9/2019;Mega;400;163.0342314;32.33052556;1434.784612
14/9/2019;Micro;435;145.2410992;18.94480015;1550.19596
14/9/2019;Nano;269;97.04203833;18.49614258;952.1164619
21/9/2019;Macro;513;164.614768;30.36012981;1838.544161
21/9/2019;Mega;480;172.1626102;34.85653682;1712.343672
21/9/2019;Micro;357;119.7600918;19.48408973;1260.283946
21/9/2019;Nano;306;110.8132567;21.08806791;1084.040508
28/9/2019;Macro;252;77.42011559;11.13535129;908.4358433
28/9/2019;Mega;390;138.738405;29.09973627;1387.767088
28/9/2019;Micro;408;130.1349798;25.81204981;1446.775435
28/9/2019;Nano;451;153.6709345;24.63982756;1620.610392
5/10/2019;Macro;370;134.3939031;21.3785569;1320.769576
5/10/2019;Mega;247;75.52064405;18.86047819;877.6615036
5/10/2019;Micro;351;131.6839014;22.79245103;1239.946736
5/10/2019;Nano;333;119.4831662;21.40268093;1182.025977
12/10/2019;Macro;392;121.1105507;15.3478487;1398.519511
12/10/2019;Mega;384;115.6965044;21.74352008;1366.731782
12/10/2019;Micro;340;109.2198215;19.35121179;1209.758603
12/10/2019;Nano;393;140.7145277;23.78150444;1406.690887
19/10/2019;Macro;473;158.9595697;33.03678146;1691.302495
19/10/2019;Mega;351;116.7657469;21.6989664;1253.841796
19/10/2019;Micro;323;111.2920373;12.72546998;1146.942829
19/10/2019;Nano;397;130.1923514;23.05162135;1426.691068
26/10/2019;Macro;425;139.4633237;24.49789063;1509.599508
26/10/2019;Mega;415;146.3491002;17.90004589;1470.190029
26/10/2019;Micro;245;74.10707987;13.097764;859.9748635
26/10/2019;Nano;446;152.4207184;23.92944811;1594.75213
2/11/2019;Macro;370;120.4092412;21.54093963;1312.402417
2/11/2019;Mega;348;119.4851583;24.31565077;1239.884619
2/11/2019;Micro;366;97.80593051;16.18469967;1309.895493
2/11/2019;Nano;365;130.8143763;16.00239426;1288.709611
9/11/2019;Macro;355;115.5580246;21.81448164;1263.893688
9/11/2019;Mega;418;153.6727423;17.12172878;1480.529864
9/11/2019;Micro;365;144.5796933;16.54965254;1289.341518
9/11/2019;Nano;338;116.5953784;18.61839543;1195.810908
16/11/2019;Macro;454;159.1006839;21.62250534;1604.991397
16/11/2019;Mega;408;154.4274418;22.44117944;1453.533199
16/11/2019;Micro;415;127.8194465;27.505984;1466.932867
16/11/2019;Nano;399;111.0222588;28.50902159;1420.639608
23/11/2019;Macro;277;106.7641945;20.07645283;985.8775542
23/11/2019;Mega;369;117.0539057;26.30907211;1322.841142
23/11/2019;Micro;324;110.4334316;16.39615243;1152.071365
23/11/2019;Nano;345;103.4314711;16.87113984;1220.853932
30/11/2019;Macro;448;143.4830253;35.52664259;1603.637991
30/11/2019;Mega;257;93.75005961;27.34763152;918.1423875
30/11/2019;Micro;408;137.1864104;29.01247533;1457.57336
30/11/2019;Nano;463;160.6685895;28.38685352;1639.67716
7/12/2019;Macro;395;125.0473321;12.63085142;1406.155093
7/12/2019;Mega;327;114.993831;16.2664609;1164.441359
7/12/2019;Micro;487;145.1079669;27.60771191;1740.307217
7/12/2019;Nano;332;106.8776653;17.04147773;1188.777515
14/12/2019;Macro;442;145.8253174;28.70195195;1578.734806
14/12/2019;Mega;435;157.4424753;29.80984653;1554.909872
14/12/2019;Micro;439;150.4749452;23.60764384;1562.855362
14/12/2019;Nano;434;136.0749564;24.80215444;1536.399179
21/12/2019;Macro;450;149.8612078;28.04073199;1621.511685
21/12/2019;Mega;397;114.0408136;17.62996425;1407.619218
21/12/2019;Micro;367;132.8746027;19.19790377;1304.114866
21/12/2019;Nano;314;130.76054;20.33381306;1114.384048
28/12/2019;Macro;407;120.9382067;24.94822303;1451.278544
28/12/2019;Mega;340;103.3118531;18.55054018;1203.128912
28/12/2019;Micro;328;122.7555791;22.20773864;1167.759705
28/12/2019;Nano;470;141.5062132;12.84918757;1669.992475
4/1/2020;Macro;425;128.7152955;17.92368534;1517.118316
4/1/2020;Mega;386;126.5147217;24.20900847;1378.664836
4/1/2020;Micro;421;141.0864715;36.18200695;1507.377264
4/1/2020;Nano;330;116.9827551;27.05793282;1175.70874
11/1/2020;Macro;471;146.2730089;25.5527485;1678.817172
11/1/2020;Mega;213;68.25255398;11.90963633;773.2664095
11/1/2020;Micro;250;72.37552223;18.07315885;890.2709454
11/1/2020;Nano;412;147.4801049;25.61607596;1469.221986
18/1/2020;Macro;419;146.6904385;20.67044178;1493.793731
18/1/2020;Mega;365;107.9065446;16.32690111;1300.573321
18/1/2020;Micro;434;149.086374;27.12029821;1542.463303
18/1/2020;Nano;300;100.7371915;13.65159924;1073.817095
25/1/2020;Macro;358;122.675249;20.41814881;1273.767844
25/1/2020;Mega;276;99.6091728;18.07460504;972.5691591
25/1/2020;Micro;381;114.5904585;18.69661623;1360.620201
25/1/2020;Nano;400;147.2314487;29.45887641;1425.399818
1/2/2020;Macro;456;167.4860675;35.07377213;1615.158922
1/2/2020;Mega;291;86.762552;17.46589242;1032.859885
1/2/2020;Micro;432;150.8002317;26.57930086;1536.122689
1/2/2020;Nano;480;164.9774118;32.60266004;1702.044949
8/2/2020;Macro;359;146.0710057;20.86010451;1260.613487
8/2/2020;Mega;382;117.3353329;16.1349961;1361.452054
8/2/2020;Micro;401;160.2313555;30.7826965;1429.113951
8/2/2020;Nano;419;123.1602763;24.69179322;1499.911477
15/2/2020;Macro;414;138.9869123;26.39140428;1489.804326
15/2/2020;Mega;439;151.1125455;15.12334235;1566.06401
15/2/2020;Micro;344;116.0151422;21.49666037;1231.24146
15/2/2020;Nano;358;114.7671911;17.50349359;1270.561861
22/2/2020;Macro;323;65.65193923;10.34786442;1146.55981
22/2/2020;Mega;397;135.3945388;20.90501268;1421.30557
22/2/2020;Micro;367;128.8951319;29.27052347;1307.523507
22/2/2020;Nano;495;163.8762596;24.62407506;1754.093045
29/2/2020;Macro;207;69.31127436;10.00000644;744.6865058
29/2/2020;Mega;309;101.1014147;20.43745187;1111.79488
29/2/2020;Micro;356;111.8081706;26.1762919;1252.549557
29/2/2020;Nano;443;154.1698689;36.02682702;1569.158076
7/3/2020;Macro;412;140.670292;17.56088347;1478.439329
7/3/2020;Mega;445;172.9371719;22.89236014;1575.857339
7/3/2020;Micro;447;151.6365891;25.70949847;1589.799804
7/3/2020;Nano;345;136.0371165;28.8340448;1212.076916
14/3/2020;Macro;343;101.9345799;15.76456536;1228.809235
14/3/2020;Mega;224;83.77558789;21.14038384;802.5892644
14/3/2020;Micro;370;125.4065477;27.39948673;1314.828914
14/3/2020;Nano;389;147.6635844;19.16616687;1394.611158
21/3/2020;Macro;352;127.9364492;25.32186652;1255.813425
21/3/2020;Mega;327;105.9490622;17.11827008;1158.902901
21/3/2020;Micro;360;127.7227312;25.93935598;1275.382318
21/3/2020;Nano;366;124.5328311;19.32408266;1298.281807
28/3/2020;Macro;471;145.6028314;19.06268709;1678.513552
28/3/2020;Mega;400;149.3700504;31.42156564;1427.354951
28/3/2020;Micro;413;136.4664579;19.020936;1481.259017
28/3/2020;Nano;286;89.01157043;17.6925701;1014.327965
4/4/2020;Macro;342;146.578553;31.68132434;1221.885608
4/4/2020;Mega;446;155.9127616;25.40094396;1583.688338
4/4/2020;Micro;379;104.1050071;14.43320884;1347.677072
4/4/2020;Nano;281;86.73680751;12.46427851;1007.805421
11/4/2020;Macro;385;119.6639792;27.20311888;1374.739369
11/4/2020;Mega;455;152.1667817;26.74780436;1624.861466
11/4/2020;Micro;199;86.0839678;14.66526583;709.0752108
11/4/2020;Nano;400;113.990293;19.69278499;1424.650689
18/4/2020;Macro;409;146.9655151;32.37369355;1456.445062
18/4/2020;Mega;380;134.884131;18.3570957;1360.47784
18/4/2020;Micro;386;142.9035501;27.90614053;1366.150527
18/4/2020;Nano;411;134.9497068;25.17285398;1466.631903
25/4/2020;Macro;410;111.6487735;21.44945087;1455.065511
25/4/2020;Mega;359;105.2072377;25.41003222;1288.089606
25/4/2020;Micro;361;110.7980828;24.81215626;1294.033102
25/4/2020;Nano;318;117.8825032;23.3629933;1124.197387
2/5/2020;Macro;477;141.7001992;24.45324419;1684.198877
2/5/2020;Mega;513;176.1377606;30.10415878;1817.230969
2/5/2020;Micro;405;129.7540748;25.70390674;1435.336333
2/5/2020;Nano;442;137.9822836;33.1541082;1563.63027
9/5/2020;Macro;401;135.1504739;19.70520639;1419.243631
9/5/2020;Mega;386;177.6079375;22.4236796;1382.196127
9/5/2020;Micro;351;119.2123076;20.39318941;1251.346337
9/5/2020;Nano;424;152.0509822;16.57331034;1518.505496
16/5/2020;Macro;364;115.978268;20.86727857;1301.5568
16/5/2020;Mega;411;119.5424776;22.99284766;1468.77541
16/5/2020;Micro;353;95.80868248;11.22759936;1252.466076
16/5/2020;Nano;327;118.0769909;19.32519974;1166.653271
23/5/2020;Macro;345;106.5792162;22.8757704;1225.782056
23/5/2020;Mega;377;130.1370165;23.11620752;1352.628282
23/5/2020;Micro;285;117.9446571;20.40326459;1019.987716
23/5/2020;Nano;460;128.8607163;18.37299004;1642.209427
30/5/2020;Macro;328;118.244391;17.8984698;1174.835125
30/5/2020;Mega;377;110.6841311;19.77379846;1353.936309
30/5/2020;Micro;215;72.88030481;4.740289765;756.773406
30/5/2020;Nano;333;101.3753439;17.19693478;1196.553891
6/6/2020;Macro;291;98.30314059;15.6338085;1030.73728
6/6/2020;Mega;435;132.8783424;31.1862159;1550.066211
6/6/2020;Micro;210;62.33352278;15.15021568;727.605887
6/6/2020;Nano;274;84.91999459;25.23816438;997.6759137
13/6/2020;Macro;437;141.3283487;22.5406884;1560.811832
13/6/2020;Mega;392;123.2025729;26.45998537;1394.821813
13/6/2020;Micro;457;158.40592;33.02581858;1622.401258
13/6/2020;Nano;323;99.73470972;18.08954407;1134.464688
20/6/2020;Macro;325;107.9344478;20.84364641;1167.093993
20/6/2020;Mega;464;138.9191474;37.15250918;1656.488986
20/6/2020;Micro;380;119.0907731;23.29675154;1341.943403
20/6/2020;Nano;453;150.8330561;28.40174282;1610.994779
27/6/2020;Macro;358;127.6873229;23.3042252;1269.821607
27/6/2020;Mega;347;107.2065384;18.09130293;1240.225215
27/6/2020;Micro;452;134.3016472;26.50933216;1612.859802
27/6/2020;Nano;459;150.6764863;24.8702213;1630.449218
4/7/2020;Macro;446;152.5054367;26.01904637;1583.507261
4/7/2020;Mega;332;122.8230299;21.80771174;1185.642011
4/7/2020;Micro;425;156.8659188;28.70877822;1510.468216
4/7/2020;Nano;441;151.9472996;25.68819988;1575.535491
11/7/2020;Macro;452;151.4452371;29.07050259;1620.644478
11/7/2020;Mega;296;120.3313556;28.1300126;1048.769292
11/7/2020;Micro;259;101.015192;22.19369514;922.7666996
11/7/2020;Nano;403;126.986102;23.77154355;1438.740879
18/7/2020;Macro;396;158.1923733;34.61598255;1391.473658
18/7/2020;Mega;366;133.5487233;25.61205775;1307.069293
18/7/2020;Micro;394;125.7181408;25.87937242;1407.567889
18/7/2020;Nano;369;130.4111992;21.4735305;1303.211121
25/7/2020;Macro;269;100.4160215;23.17424933;961.3829209
25/7/2020;Mega;375;142.7414354;17.56572823;1315.722755
25/7/2020;Micro;343;115.7230207;20.74867813;1228.452202
25/7/2020;Nano;465;146.9004714;30.64795024;1649.34296
1/8/2020;Macro;452;155.1240473;32.45740266;1601.82838
1/8/2020;Mega;436;146.2947955;27.60417614;1555.419716
1/8/2020;Micro;417;144.9492409;21.15246342;1482.750629
1/8/2020;Nano;415;130.3370039;30.72888037;1472.326899
8/8/2020;Macro;320;91.2782956;15.70425984;1134.055774
8/8/2020;Mega;331;97.85298709;17.90388679;1171.627051
8/8/2020;Micro;457;164.0909329;26.91364131;1608.358428
8/8/2020;Nano;448;154.1848604;21.93726939;1593.840395
15/8/2020;Macro;390;104.3408545;23.45548133;1379.151806
15/8/2020;Mega;492;147.9284437;26.50344728;1752.470392
15/8/2020;Micro;404;142.4543424;19.27282338;1434.446366
15/8/2020;Nano;249;75.65864647;14.13498236;874.7200834
22/8/2020;Macro;517;161.7270344;25.57337645;1827.633271
22/8/2020;Mega;285;93.35171293;15.17689387;1015.272385
22/8/2020;Micro;386;104.9044261;25.99043904;1368.965696
22/8/2020;Nano;194;71.37551159;10.33267404;701.0822927
29/8/2020;Macro;455;142.2317685;28.53574255;1629.557615
29/8/2020;Mega;446;119.639233;25.81024962;1585.183327
29/8/2020;Micro;403;155.5409861;26.4521372;1433.712042
29/8/2020;Nano;333;122.1161898;19.18291126;1175.717101
5/9/2020;Macro;357;103.9925746;24.76225421;1271.983499
5/9/2020;Mega;420;143.413371;23.29640985;1490.121696
5/9/2020;Micro;340;117.9937205;23.66705528;1214.359513
5/9/2020;Nano;179;54.2909099;18.24719876;640.377837
12/9/2020;Macro;368;101.1522821;15.46334156;1300.75915
12/9/2020;Mega;251;73.94771298;22.70634712;888.0776532
12/9/2020;Micro;399;117.8017165;18.93990982;1430.93001
12/9/2020;Nano;404;164.5394415;23.72818935;1439.82487
19/9/2020;Macro;249;84.76336552;19.84350142;893.289881
19/9/2020;Mega;289;119.7083626;25.18667025;1038.048216
19/9/2020;Micro;421;142.2026301;25.9761376;1497.541283
19/9/2020;Nano;384;119.4883693;28.36207211;1360.644449
26/9/2020;Macro;348;105.803603;18.65980133;1235.595226
26/9/2020;Mega;418;150.860655;28.7773534;1481.532251
26/9/2020;Micro;364;114.1155441;24.81320554;1289.100231
26/9/2020;Nano;422;131.3871651;13.31095649;1499.891746
3/10/2020;Macro;429;145.7844708;24.94006032;1525.450309
3/10/2020;Mega;290;96.06805649;18.51938722;1037.578476
3/10/2020;Micro;424;110.5749113;15.53950209;1513.338117
3/10/2020;Nano;358;140.0936057;27.04537915;1274.283523
10/10/2020;Macro;337;130.3947391;18.02527783;1185.007911
10/10/2020;Mega;321;76.286356;11.02165623;1151.810751
10/10/2020;Micro;366;105.6006637;18.23595682;1300.405574
10/10/2020;Nano;493;176.8063955;27.60208853;1745.752692
17/10/2020;Macro;361;123.6020291;21.93153133;1282.098287
17/10/2020;Mega;350;108.5178379;20.12420227;1237.601766
17/10/2020;Micro;254;98.80513539;20.20722224;923.7274261
17/10/2020;Nano;421;152.9747604;26.38943494;1506.706605
24/10/2020;Macro;428;171.4853868;27.98643075;1531.447009
24/10/2020;Mega;251;89.18197729;7.775524934;900.7804509
24/10/2020;Micro;347;111.1039646;23.02705587;1231.702145
24/10/2020;Nano;473;140.0756374;30.75176642;1681.736613
31/10/2020;Macro;451;142.5903208;35.23786901;1605.544927
31/10/2020;Mega;305;94.34393034;16.46026177;1070.694402
31/10/2020;Micro;507;158.0036939;16.74556316;1802.785431
31/10/2020;Nano;446;143.5735921;29.87371878;1585.679073
7/11/2020;Macro;489;132.857175;19.52221261;1743.817927
7/11/2020;Mega;252;95.70036329;13.49154126;911.7825306
7/11/2020;Micro;447;155.486617;25.33727232;1589.263007
7/11/2020;Nano;314;109.0181262;17.1771843;1110.805958
14/11/2020;Macro;460;151.5353612;23.83290116;1630.728464
14/11/2020;Mega;254;81.12293886;22.55075999;906.9796282
14/11/2020;Micro;349;117.316787;14.53767556;1244.426574
14/11/2020;Nano;381;116.5357272;20.12290578;1351.208833
21/11/2020;Macro;428;130.5130528;26.65747655;1524.674321
21/11/2020;Mega;475;145.0930058;33.66348529;1691.856747
21/11/2020;Micro;343;115.695315;14.42493079;1220.237855
21/11/2020;Nano;412;131.7836006;27.38586752;1469.630884
28/11/2020;Macro;509;156.6224729;26.03597951;1804.306786
28/11/2020;Mega;471;137.8424834;20.83776105;1666.783563
28/11/2020;Micro;441;127.7096679;27.2248058;1561.479683
28/11/2020;Nano;416;137.5399477;24.95770964;1479.90123
5/12/2020;Macro;257;100.7781873;20.84787718;908.415902
5/12/2020;Mega;362;101.3066198;20.14779408;1277.011468
5/12/2020;Micro;423;137.497851;20.49214781;1506.86928
5/12/2020;Nano;431;148.1982556;23.19108602;1525.242824
12/12/2020;Macro;453;156.4317894;21.79292688;1618.785265
12/12/2020;Mega;346;107.9490791;17.29446336;1234.496079
12/12/2020;Micro;458;135.417782;25.98888725;1631.240705
12/12/2020;Nano;290;101.9861079;20.30160972;1038.513492
19/12/2020;Macro;254;71.54097462;19.1731418;914.2806753
19/12/2020;Mega;371;141.5515678;21.29483592;1304.920784
19/12/2020;Micro;325;96.21444761;17.31488248;1170.504623
19/12/2020;Nano;402;137.567629;24.4643395;1443.048608
26/12/2020;Macro;352;99.70953624;16.47930097;1257.082405
26/12/2020;Mega;399;127.771541;33.76685666;1429.943395
26/12/2020;Micro;403;143.9715502;21.36524989;1440.668229
26/12/2020;Nano;323;91.84588648;17.93376874;1150.897542
2/1/2021;Macro;379;111.1265981;19.05005122;1350.609231
2/1/2021;Mega;412;144.8441732;22.17130225;1470.422172
2/1/2021;Micro;438;134.1310915;19.9235542;1561.462044
2/1/2021;Nano;303;102.1347498;18.41434819;1085.490333
9/1/2021;Macro;396;142.7736266;20.15257753;1418.056183
9/1/2021;Mega;302;121.7895626;19.93844962;1074.9715
9/1/2021;Micro;433;146.4779587;18.96402473;1543.17819
9/1/2021;Nano;307;98.51956827;18.77646318;1087.737184
16/1/2021;Macro;401;137.2358581;21.35734638;1425.5561
16/1/2021;Mega;275;75.34940897;14.91018441;977.4826108
16/1/2021;Micro;387;125.185702;28.2634261;1372.775363
16/1/2021;Nano;418;136.7521585;26.01610565;1486.212581
23/1/2021;Macro;263;78.84396313;9.035467841;936.8838202
23/1/2021;Mega;386;136.9293593;27.10503624;1367.972488
23/1/2021;Micro;401;142.0091143;23.24985462;1420.465583
23/1/2021;Nano;340;110.4086759;17.55439305;1201.253186
30/1/2021;Mega;357;126.1120813;23.79424939;1282.504106
30/1/2021;Micro;374;152.9161995;30.23781556;1336.125288
30/1/2021;Nano;373;127.5419538;17.69667007;1320.703572
6/2/2021;Mega;384;128.0337588;30.445512;1365.262445
6/2/2021;Micro;301;92.55907963;14.47233623;1075.6838
6/2/2021;Nano;310;87.2888276;23.30425164;1106.155335
13/2/2021;Mega;291;106.7541758;24.46378483;1042.025095
13/2/2021;Micro;289;83.26109307;12.90508237;1025.924026
20/2/2021;Mega;272;126.5992581;19.1341798;969.8616316
20/2/2021;Micro;211;58.53798122;16.4341252;765.3271016
27/2/2021;Mega;168;56.47973828;9.523363271;590.3360164
;;;;;
;;;;;
;;;;;
;;;;;
;;;;;
;;;;;
;;;;;
;;;;;
;;;;;
;;;;;
;;;;;
;;;;;
;;;;;
;;;;;
;;;;;
;;;;;
;;;;;
;;;;;
;;;;;
;;;;;
;;;;;
;;;;;
;;;;;
;;;;;
;;;;;
;;;;;
;;;;;
;;;;;
;;;;;
;;;;;
;;;;;
;;;;;
;;;;;
;;;;;
;;;;;
;;;;;
;;;;;
;;;;;
;;;;;
;;;;;
;;;;;
;;;;;
;;;;;
;;;;;
;;;;;
;;;;;
;;;;;
;;;;;
;;;;;
;;;;;
;;;;;
;;;;;
;;;;;
;;;;;
;;;;;
;;;;;
;;;;;
;;;;;
;;;;;
;;;;;
;;;;;
;;;;;
;;;;;
;;;;;
;;;;;
;;;;;
;;;;;
;;;;;
;;;;;
;;;;;
;;;;;
;;;;;
;;;;;
;;;;;
;;;;;
;;;;;
;;;;;
;;;;;
;;;;;
;;;;;
;;;;;
;;;;;
;;;;;
;;;;;
;;;;;
;;;;;
;;;;;
;;;;;
;;;;;
;;;;;
;;;;;
;;;;;
;;;;;
;;;;;
;;;;;
;;;;;
;;;;;
;;;;;
;;;;;
;;;;;
;;;;;
;;;;;
;;;;;
;;;;;
;;;;;
;;;;;
;;;;;
;;;;;
;;;;;
;;;;;
;;;;;
;;;;;
;;;;;
;;;;;
;;;;;
;;;;;
;;;;;
;;;;;
;;;;;
;;;;;
;;;;;
;;;;;
;;;;;
;;;;;
;;;;;
;;;;;
;;;;;
;;;;;
;;;;;
;;;;;
;;;;;
;;;;;
;;;;;
;;;;;
;;;;;
;;;;;
;;;;;
;;;;;
;;;;;
;;;;;
;;;;;
;;;;;
;;;;;
;;;;;
;;;;;
;;;;;
;;;;;
;;;;;
;;;;;
;;;;;
;;;;;
;;;;;
;;;;;
;;;;;
;;;;;
;;;;;
;;;;;
;;;;;
;;;;;
;;;;;
;;;;;
;;;;;
;;;;;
;;;;;
;;;;;
;;;;;
;;;;;
;;;;;
;;;;;
;;;;;
;;;;;
;;;;;
;;;;;
;;;;;
;;;;;
;;;;;
;;;;;
;;;;;
;;;;;
;;;;;
;;;;;
;;;;;
;;;;;
;;;;;
;;;;;
;;;;;
;;;;;
;;;;;
;;;;;
;;;;;
;;;;;
;;;;;
;;;;;
;;;;;
;;;;;
;;;;;
;;;;;
;;;;;
;;;;;
;;;;;
;;;;;
;;;;;
;;;;;
;;;;;
;;;;;
;;;;;
;;;;;
;;;;;
;;;;;
;;;;;
;;;;;
;;;;;
;;;;;
;;;;;
;;;;;
;;;;;
;;;;;
;;;;;
;;;;;
;;;;;
;;;;;
;;;;;
;;;;;
;;;;;
;;;;;
;;;;;
;;;;;
;;;;;
;;;;;
;;;;;
;;;;;
;;;;;
;;;;;
;;;;;
;;;;;
;;;;;
;;;;;
;;;;;
;;;;;
;;;;;
;;;;;
;;;;;
;;;;;
;;;;;
;;;;;
;;;;;
;;;;;
;;;;;
;;;;;
;;;;;
;;;;;
;;;;;
;;;;;
;;;;;
;;;;;
;;;;;
;;;;;
;;;;;
;;;;;
;;;;;
;;;;;
;;;;;
;;;;;
;;;;;
;;;;;
;;;;;
;;;;;
;;;;;
;;;;;
;;;;;
;;;;;
;;;;;
;;;;;
;;;;;
;;;;;
;;;;;
;;;;;
;;;;;
;;;;;
;;;;;
;;;;;
;;;;;
;;;;;
;;;;;
;;;;;
;;;;;
;;;;;
;;;;;
;;;;;
;;;;;
;;;;;
;;;;;
;;;;;
;;;;;
;;;;;
;;;;;
;;;;;
;;;;;
;;;;;
;;;;;
;;;;;
;;;;;
;;;;;
;;;;;
;;;;;
;;;;;
;;;;;
;;;;;
;;;;;
;;;;;
;;;;;
;;;;;
;;;;;
;;;;;
;;;;;
;;;;;
;;;;;
;;;;;
;;;;;
;;;;;
;;;;;
;;;;;
;;;;;
;;;;;
;;;;;
;;;;;
;;;;;
;;;;;
;;;;;
;;;;;
;;;;;
;;;;;
;;;;;
;;;;;
;;;;;
;;;;;
;;;;;
;;;;;
;;;;;
;;;;;
;;;;;
;;;;;
;;;;;
;;;;;
